Oligo	TargetCounts	BackgroundCounts	NormalizationFactor
A	21.70%	21.84%	0.994
C	28.30%	28.16%	1.005
G	28.30%	28.16%	1.005
T	21.70%	21.84%	0.994
AA	4.62%	5.33%	0.867
CA	8.00%	7.36%	1.087
GA	6.18%	6.21%	0.995
TA	2.90%	2.94%	0.989
AC	5.22%	4.88%	1.069
CC	9.25%	9.48%	0.976
GC	7.65%	7.60%	1.006
TC	6.18%	6.21%	0.995
AG	8.11%	7.82%	1.037
CG	2.95%	3.52%	0.838
GG	9.25%	9.48%	0.976
TG	8.00%	7.36%	1.087
AT	3.76%	3.81%	0.989
CT	8.11%	7.82%	1.037
GT	5.22%	4.88%	1.069
TT	4.62%	5.33%	0.867
AAA	1.28%	1.75%	0.734
CAA	1.23%	1.33%	0.925
GAA	1.40%	1.46%	0.959
TAA	0.70%	0.77%	0.901
ACA	1.81%	1.49%	1.213
CCA	2.49%	2.50%	0.996
GCA	2.00%	1.83%	1.095
TCA	1.70%	1.55%	1.094
AGA	1.88%	1.85%	1.015
CGA	0.44%	0.57%	0.779
GGA	2.16%	2.24%	0.964
TGA	1.70%	1.55%	1.094
ATA	0.65%	0.62%	1.049
CTA	0.88%	0.85%	1.028
GTA	0.68%	0.69%	0.987
TTA	0.70%	0.77%	0.901
AAC	0.99%	1.02%	0.973
CAC	2.20%	1.94%	1.136
GAC	1.34%	1.24%	1.079
TAC	0.68%	0.69%	0.987
ACC	1.50%	1.57%	0.958
CCC	2.97%	3.06%	0.970
GCC	2.62%	2.61%	1.003
TCC	2.16%	2.24%	0.964
AGC	2.12%	2.01%	1.051
CGC	0.92%	1.15%	0.803
GGC	2.62%	2.61%	1.003
TGC	2.00%	1.83%	1.095
ATC	0.94%	0.99%	0.942
CTC	2.50%	2.51%	0.995
GTC	1.34%	1.24%	1.079
TTC	1.40%	1.46%	0.959
AAG	1.49%	1.57%	0.953
CAG	3.24%	2.90%	1.118
GAG	2.50%	2.51%	0.995
TAG	0.88%	0.85%	1.028
ACG	0.55%	0.55%	0.987
CCG	1.04%	1.23%	0.842
GCG	0.92%	1.15%	0.803
TCG	0.44%	0.57%	0.779
AGG	2.75%	2.68%	1.026
CGG	1.04%	1.23%	0.842
GGG	2.97%	3.06%	0.970
TGG	2.49%	2.50%	0.996
ATG	1.33%	1.20%	1.103
CTG	3.24%	2.90%	1.118
GTG	2.20%	1.94%	1.136
TTG	1.23%	1.33%	0.925
AAT	0.85%	0.98%	0.860
CAT	1.33%	1.20%	1.103
GAT	0.94%	0.99%	0.942
TAT	0.65%	0.62%	1.049
ACT	1.36%	1.27%	1.069
CCT	2.75%	2.68%	1.026
GCT	2.12%	2.01%	1.051
TCT	1.88%	1.85%	1.015
AGT	1.36%	1.27%	1.069
CGT	0.55%	0.55%	0.987
GGT	1.50%	1.57%	0.958
TGT	1.81%	1.49%	1.213
ATT	0.85%	0.98%	0.860
CTT	1.49%	1.57%	0.953
GTT	0.99%	1.02%	0.973
TTT	1.28%	1.75%	0.734
